{"cameraMode":{"drawMode":0,"name":"Shaded","section":"Shading Mode"},"sceneLighting":true,"audioPlay":false,"sceneViewState":{"m_AlwaysRefresh":false,"showFog":true,"showSkybox":true,"showFlares":true,"showImageEffects":true,"showParticleSystems":true,"showVisualEffectGraphs":true,"m_FxEnabled":true},"in2DMode":false,"pivot":{"x":1.4212348461151124,"y":2.0577034950256349,"z":-5.284491539001465},"rotation":{"x":0.05395551398396492,"y":0.8700392842292786,"z":-0.09776423126459122,"w":0.48017022013664248},"size":2.4600307941436769,"orthographic":false}